target,canonical_source,canonical_key,canonical_path,mtime_epoch,md5_10,candidates,distinct_variants,variant_list
analysis/analyze_sweep.py,scout-exploit,analyze_sweep.py,/root/workspace/baojiachun/scout-exploit/soe_scripts/analyze_sweep.py,1788037043,1c23c789ca,1,0,
analysis/build_r3_accum.py,scout-exploit,build_r3_accum.py,/root/workspace/baojiachun/scout-exploit/soe_scripts/build_r3_accum.py,1788072686,a3cfe81a45,1,0,
analysis/diag_grad_decompose.py,scout-gae-scripts,analysis/diag_grad_decompose.py,/root/workspace/baojiachun/scout-gae/scripts/analysis/diag_grad_decompose.py,1788872945,ef4f1e7c97,1,0,
analysis/dispersion_shell.py,scout-old,dispersion_shell.py,/root/workspace/baojiachun/scout-old/soe_scripts/dispersion_shell.py,1788252235,5eb4d90388,3,0,
analysis/fp_rescue_cmp.py,scout-old,fp_rescue_cmp.py,/root/workspace/baojiachun/scout-old/soe_scripts/fp_rescue_cmp.py,1788252236,fea4c77f52,2,0,
analysis/gate_forensics.py,scout-exploit,gate_forensics.py,/root/workspace/baojiachun/scout-exploit/soe_scripts/gate_forensics.py,1788040210,8179f21f4e,1,0,
analysis/gate_forensics2.py,scout-exploit,gate_forensics2.py,/root/workspace/baojiachun/scout-exploit/soe_scripts/gate_forensics2.py,1788047111,700cfad043,1,0,
analysis/make_union.py,scout-gae-scripts,analysis/make_union.py,/root/workspace/baojiachun/scout-gae/scripts/analysis/make_union.py,1788872945,6584234bd8,1,0,
analysis/pf_fp.py,scout-old,pf_fp.py,/root/workspace/baojiachun/scout-old/soe_scripts/pf_fp.py,1788252236,057c4ae724,2,0,
analysis/probe_bscale.py,scout-gae-scripts,analysis/probe_bscale.py,/root/workspace/baojiachun/scout-gae/scripts/analysis/probe_bscale.py,1788872945,05e1942725,1,0,
analysis/probe_ent.py,scout-gae-scripts,analysis/probe_ent.py,/root/workspace/baojiachun/scout-gae/scripts/analysis/probe_ent.py,1788872945,8e6514f324,1,0,
analysis/probe_overlap.py,scout-gae-scripts,analysis/probe_overlap.py,/root/workspace/baojiachun/scout-gae/scripts/analysis/probe_overlap.py,1788872945,52b73ad76d,1,0,
analysis/probe_variance.py,scout-gae-scripts,analysis/probe_variance.py,/root/workspace/baojiachun/scout-gae/scripts/analysis/probe_variance.py,1788872945,84b1ad1833,1,0,
analysis/probe_variance2.py,scout-gae-scripts,analysis/probe_variance2.py,/root/workspace/baojiachun/scout-gae/scripts/analysis/probe_variance2.py,1788872945,e5c9cce49e,1,0,
analysis/split_core.py,scout-gae-scripts,analysis/split_core.py,/root/workspace/baojiachun/scout-gae/scripts/analysis/split_core.py,1788872945,96ec2fd9be,1,0,
analysis/summary_scan.sh,scout-exploit,summary_scan.sh,/root/workspace/baojiachun/scout-exploit/soe_scripts/summary_scan.sh,1788015588,ab8a540e6b,1,0,
analysis/sweep_fb_driver.py,scout-gae-scripts,analysis/sweep_fb_driver.py,/root/workspace/baojiachun/scout-gae/scripts/analysis/sweep_fb_driver.py,1788872945,0e2fe6a311,1,0,
analysis/sweep_fb_driver2.py,scout-gae-scripts,analysis/sweep_fb_driver2.py,/root/workspace/baojiachun/scout-gae/scripts/analysis/sweep_fb_driver2.py,1788872945,5e79893745,1,0,
analysis/wait_launch_dp.sh,scout-gae-scripts,analysis/wait_launch_dp.sh,/root/workspace/baojiachun/scout-gae/scripts/analysis/wait_launch_dp.sh,1788872945,ce0c995aeb,1,0,
calibration/calib_can.py,scout-exploit,calib_can.py,/root/workspace/baojiachun/scout-exploit/soe_scripts/calib_can.py,1788076727,98acfc8945,1,0,
calibration/calib_core.py,scout-exploit,calib_core.py,/root/workspace/baojiachun/scout-exploit/soe_scripts/calib_core.py,1788053590,509dc2cb28,1,0,
calibration/calib_exploit.py,scout-exploit,calib_exploit.py,/root/workspace/baojiachun/scout-exploit/soe_scripts/calib_exploit.py,1788005310,4dc519d4d3,1,0,
calibration/calib_full.py,scout-exploit,calib_full.py,/root/workspace/baojiachun/scout-exploit/soe_scripts/calib_full.py,1788070256,09596df8cb,1,0,
calibration/calib_gate.py,scout-exploit,calib_gate.py,/root/workspace/baojiachun/scout-exploit/soe_scripts/calib_gate.py,1788015354,389e813240,1,0,
calibration/calib_r3.py,scout-exploit,calib_r3.py,/root/workspace/baojiachun/scout-exploit/soe_scripts/calib_r3.py,1788072737,1d954eed62,1,0,
calibration/calib_sweep_launch.sh,scout-gae-scripts,calibration/calib_sweep_launch.sh,/root/workspace/baojiachun/scout-gae/scripts/calibration/calib_sweep_launch.sh,1788872945,a21a9aa622,1,0,
calibration/calib_visual.py,scout-exploit,calib_visual.py,/root/workspace/baojiachun/scout-exploit/soe_scripts/calib_visual.py,1788042750,112be90d38,1,0,
calibration/can_matrix.sh,scout-exploit,can_matrix.sh,/root/workspace/baojiachun/scout-exploit/soe_scripts/can_matrix.sh,1788080622,937b320ba5,1,0,
calibration/can_matrix_prep.py,scout-exploit,can_matrix_prep.py,/root/workspace/baojiachun/scout-exploit/soe_scripts/can_matrix_prep.py,1788076726,8f699d5d69,1,0,
calibration/can_matrix_summary.py,scout-exploit,can_matrix_summary.py,/root/workspace/baojiachun/scout-exploit/soe_scripts/can_matrix_summary.py,1788076591,874b838f15,1,0,
infra/_shard_cleanup.sh,scout-gae-scripts,infra/_shard_cleanup.sh,/root/workspace/baojiachun/scout-gae/scripts/infra/_shard_cleanup.sh,1788872945,c633b4341a,3,0,
infra/_smoke_shard_hb.py,scout-gae-scripts,infra/_smoke_shard_hb.py,/root/workspace/baojiachun/scout-gae/scripts/infra/_smoke_shard_hb.py,1788872945,54c4ab4a8a,1,0,
infra/bench_rollout_components.py,scout-hparam,fast_round_local/bench_rollout_components.py,/root/workspace/baojiachun/scout-hparam/soe_scripts/fast_round_local/bench_rollout_components.py,1788324624,8870013db5,7,0,
infra/diag_grad_decompose.py,scout-hparam,diag_grad_decompose.py,/root/workspace/baojiachun/scout-hparam/soe_scripts/diag_grad_decompose.py,1788324624,ef4f1e7c97,7,0,
infra/egl_map_probe.py,scout-gae-scripts,infra/egl_map_probe.py,/root/workspace/baojiachun/scout-gae/scripts/infra/egl_map_probe.py,1788872945,6985100b8b,1,0,
infra/egl_stress.py,scout-gae-scripts,infra/egl_stress.py,/root/workspace/baojiachun/scout-gae/scripts/infra/egl_stress.py,1788872945,e17beff8fe,8,0,
infra/extract_core_subset.py,baojiachun-soe_scripts,extract_core_subset.py,/root/workspace/baojiachun/soe_scripts/extract_core_subset.py,1786373856,59c5d1e4bf,1,0,
infra/fast_round_can.sh,scout-hparam,fast_round_local/fast_round_can.sh,/root/workspace/baojiachun/scout-hparam/soe_scripts/fast_round_local/fast_round_can.sh,1788324624,f6687120e4,7,0,
infra/fast_round_local/bench_rollout_components.py,scout-gae-scripts,infra/fast_round_local/bench_rollout_components.py,/root/workspace/baojiachun/scout-gae/scripts/infra/fast_round_local/bench_rollout_components.py,1788872945,8870013db5,1,0,
infra/fast_round_local/fast_round_can.sh,scout-gae-scripts,infra/fast_round_local/fast_round_can.sh,/root/workspace/baojiachun/scout-gae/scripts/infra/fast_round_local/fast_round_can.sh,1788872945,f6687120e4,1,0,
infra/fast_round_local/fast_round_square.sh,scout-gae-scripts,infra/fast_round_local/fast_round_square.sh,/root/workspace/baojiachun/scout-gae/scripts/infra/fast_round_local/fast_round_square.sh,1788872945,ca1ebcce4a,1,0,
infra/install_coredeps.sh,baojiachun-root,install_coredeps.sh,/root/workspace/baojiachun/install_coredeps.sh,1786366459,aa2d0ddaaa,1,0,
infra/install_torch.sh,baojiachun-root,install_torch.sh,/root/workspace/baojiachun/install_torch.sh,1786365880,74d2659dd9,1,0,
infra/launch_trainings.sh,baojiachun-soe_scripts,launch_trainings.sh,/root/workspace/baojiachun/soe_scripts/launch_trainings.sh,1786417010,243cab3d0c,1,0,
infra/make_union.py,scout-hparam,make_union.py,/root/workspace/baojiachun/scout-hparam/soe_scripts/make_union.py,1788324625,6584234bd8,6,0,
infra/recover_exploit_json.py,scout-exploit,recover_exploit_json.py,/root/workspace/baojiachun/scout-exploit/soe_scripts/recover_exploit_json.py,1788013690,eb0322d587,1,0,
infra/run_data_pipeline.sh,baojiachun-soe_scripts,run_data_pipeline.sh,/root/workspace/baojiachun/soe_scripts/run_data_pipeline.sh,1786373856,b2db81b8f9,1,0,
infra/run_one_task.sh,baojiachun-soe_scripts,run_one_task.sh,/root/workspace/baojiachun/soe_scripts/run_one_task.sh,1786375951,3711c74e8d,1,0,
infra/shard_heartbeat.py,scout-gae-scripts,infra/shard_heartbeat.py,/root/workspace/baojiachun/scout-gae/scripts/infra/shard_heartbeat.py,1788872945,e2aaca25d2,3,2,scout-orbit/shard_heartbeat.py(8821b8);scout-hparam/shard_heartbeat.py(1116b6)
infra/shard_rollout.sh,scout-gae-scripts,infra/shard_rollout.sh,/root/workspace/baojiachun/scout-gae/scripts/infra/shard_rollout.sh,1788872945,492749dea1,3,0,
infra/smoke_test_dataset.py,baojiachun-soe_scripts,smoke_test_dataset.py,/root/workspace/baojiachun/soe_scripts/smoke_test_dataset.py,1786374908,c707458945,1,0,
infra/split_core.py,scout-hparam,split_core.py,/root/workspace/baojiachun/scout-hparam/soe_scripts/split_core.py,1788324625,96ec2fd9be,7,0,
infra/sweep_fb_driver.py,scout-hparam,sweep_fb_driver.py,/root/workspace/baojiachun/scout-hparam/soe_scripts/sweep_fb_driver.py,1788324625,0e2fe6a311,7,0,
infra/sweep_fb_driver2.py,scout-hparam,sweep_fb_driver2.py,/root/workspace/baojiachun/scout-hparam/soe_scripts/sweep_fb_driver2.py,1788324625,5e79893745,7,0,
infra/t0_transport.sh,scout,t0_transport.sh,/root/workspace/baojiachun/scout/soe_scripts/t0_transport.sh,1787121071,35f43fdbba,1,0,
infra/t0_transport_resume.sh,scout,t0_transport_resume.sh,/root/workspace/baojiachun/scout/soe_scripts/t0_transport_resume.sh,1787129333,eb6baf0460,1,0,
infra/toolhang_pipeline.sh,baojiachun-soe_scripts,toolhang_pipeline.sh,/root/workspace/baojiachun/soe_scripts/toolhang_pipeline.sh,1788255114,be760b78a5,1,0,
infra/transport_pipeline.sh,baojiachun-soe_scripts,transport_pipeline.sh,/root/workspace/baojiachun/soe_scripts/transport_pipeline.sh,1786498957,4a1d04dcb4,1,0,
infra/verify_2333.sh,scout,verify_2333.sh,/root/workspace/baojiachun/scout/soe_scripts/verify_2333.sh,1787342975,0ea1cee753,1,0,
infra/verify_envspeed.sh,scout-gae-scripts,infra/verify_envspeed.sh,/root/workspace/baojiachun/scout-gae/scripts/infra/verify_envspeed.sh,1788872945,91e17ead74,8,0,
infra/verify_gpu2.sh,scout-gae-scripts,infra/verify_gpu2.sh,/root/workspace/baojiachun/scout-gae/scripts/infra/verify_gpu2.sh,1788872945,3a83b54977,8,0,
infra/verify_quick.sh,scout-gae-scripts,infra/verify_quick.sh,/root/workspace/baojiachun/scout-gae/scripts/infra/verify_quick.sh,1788872945,2f9bd96768,8,0,
infra/wandb_explore.py,baojiachun-soe_scripts,wandb_explore.py,/root/workspace/baojiachun/soe_scripts/wandb_explore.py,1786521263,4c97bf55dd,1,0,
infra/wandb_recover.py,baojiachun-root,wandb_recover.py,/root/workspace/baojiachun/wandb_recover.py,1787131676,d0d110d76f,1,0,
infra/wandb_rename.py,baojiachun-soe_scripts,wandb_rename.py,/root/workspace/baojiachun/soe_scripts/wandb_rename.py,1786521329,d77537f3de,1,0,
launches/calib_sweep_launch.sh,scout-orbit,calib_sweep_launch.sh,/root/workspace/baojiachun/scout-orbit/soe_scripts/calib_sweep_launch.sh,1788353124,a21a9aa622,2,0,
launches/can_aty_launch.sh,scout-orbit,can_aty_launch.sh,/root/workspace/baojiachun/scout-orbit/soe_scripts/can_aty_launch.sh,1788441057,b955bc2760,1,0,
launches/expert_guide_exp.sh,scout-gae-scripts,launches/expert_guide_exp.sh,/root/workspace/baojiachun/scout-gae/scripts/launches/expert_guide_exp.sh,1788872946,cc55867030,8,0,
launches/expert_guide_exp2.sh,scout-gae-scripts,launches/expert_guide_exp2.sh,/root/workspace/baojiachun/scout-gae/scripts/launches/expert_guide_exp2.sh,1788872946,78ad1a1a62,8,0,
launches/exploit_arms.sh,scout-exploit,exploit_arms.sh,/root/workspace/baojiachun/scout-exploit/soe_scripts/exploit_arms.sh,1788008623,a5ef1a3a71,1,0,
launches/exploit_full100.sh,scout-exploit,exploit_full100.sh,/root/workspace/baojiachun/scout-exploit/soe_scripts/exploit_full100.sh,1788025709,eb83dde12f,1,0,
launches/exploit_mini.sh,scout-exploit,exploit_mini.sh,/root/workspace/baojiachun/scout-exploit/soe_scripts/exploit_mini.sh,1788005546,4b80d24d2a,1,0,
launches/exploit_scan.sh,scout-exploit,exploit_scan.sh,/root/workspace/baojiachun/scout-exploit/soe_scripts/exploit_scan.sh,1788015482,fcbe8432ef,1,0,
launches/exploit_sweep.sh,scout-exploit,exploit_sweep.sh,/root/workspace/baojiachun/scout-exploit/soe_scripts/exploit_sweep.sh,1788036978,0e2e2ec799,1,0,
launches/exploit_sweep2.sh,scout-exploit,exploit_sweep2.sh,/root/workspace/baojiachun/scout-exploit/soe_scripts/exploit_sweep2.sh,1788040496,b00f8037b4,1,0,
launches/exploit_sweep3.sh,scout-exploit,exploit_sweep3.sh,/root/workspace/baojiachun/scout-exploit/soe_scripts/exploit_sweep3.sh,1788042749,0d9e92dfa5,1,0,
launches/exploit_sweep4.sh,scout-exploit,exploit_sweep4.sh,/root/workspace/baojiachun/scout-exploit/soe_scripts/exploit_sweep4.sh,1788055649,5880befa9b,1,0,
launches/exploit_sweep5.sh,scout-exploit,exploit_sweep5.sh,/root/workspace/baojiachun/scout-exploit/soe_scripts/exploit_sweep5.sh,1788058203,1efac36b5d,1,0,
launches/exploit_sweep6.sh,scout-exploit,exploit_sweep6.sh,/root/workspace/baojiachun/scout-exploit/soe_scripts/exploit_sweep6.sh,1788075095,516246cb5c,1,0,
launches/fix01_confirm.sh,scout-gae-scripts,launches/fix01_confirm.sh,/root/workspace/baojiachun/scout-gae/scripts/launches/fix01_confirm.sh,1788872946,4f4b0af9c4,8,0,
launches/hbtest_4x25.sh,scout-gae-scripts,launches/hbtest_4x25.sh,/root/workspace/baojiachun/scout-gae/scripts/launches/hbtest_4x25.sh,1788872946,d1cfe47376,3,0,
launches/launch_ck149.sh,scout-gae-scripts,launches/launch_ck149.sh,/root/workspace/baojiachun/scout-gae/scripts/launches/launch_ck149.sh,1788872946,2723e5a977,7,0,
launches/launch_full2_n5t10.sh,scout-gae-scripts,launches/launch_full2_n5t10.sh,/root/workspace/baojiachun/scout-gae/scripts/launches/launch_full2_n5t10.sh,1788872946,0bfbdca67b,7,0,
launches/launch_full2_s3t10.sh,scout-gae-scripts,launches/launch_full2_s3t10.sh,/root/workspace/baojiachun/scout-gae/scripts/launches/launch_full2_s3t10.sh,1788872946,c1281e2e90,7,0,
launches/launch_full3_n5t10.sh,scout-gae-scripts,launches/launch_full3_n5t10.sh,/root/workspace/baojiachun/scout-gae/scripts/launches/launch_full3_n5t10.sh,1788872946,085b29635a,7,0,
launches/launch_full3_s3t10.sh,scout-gae-scripts,launches/launch_full3_s3t10.sh,/root/workspace/baojiachun/scout-gae/scripts/launches/launch_full3_s3t10.sh,1788872946,95f745c7dc,7,0,
launches/launch_fullA_s3t10.sh,scout-gae-scripts,launches/launch_fullA_s3t10.sh,/root/workspace/baojiachun/scout-gae/scripts/launches/launch_fullA_s3t10.sh,1788872946,168cc7d47d,7,0,
launches/launch_fullB_s3t10.sh,scout-gae-scripts,launches/launch_fullB_s3t10.sh,/root/workspace/baojiachun/scout-gae/scripts/launches/launch_fullB_s3t10.sh,1788872946,24042180aa,7,0,
launches/launch_full_a02.sh,scout-gae-scripts,launches/launch_full_a02.sh,/root/workspace/baojiachun/scout-gae/scripts/launches/launch_full_a02.sh,1788872946,90c5be39cf,7,0,
launches/launch_full_a02g100.sh,scout-gae-scripts,launches/launch_full_a02g100.sh,/root/workspace/baojiachun/scout-gae/scripts/launches/launch_full_a02g100.sh,1788872946,78b7925872,7,0,
launches/launch_full_a05.sh,scout-gae-scripts,launches/launch_full_a05.sh,/root/workspace/baojiachun/scout-gae/scripts/launches/launch_full_a05.sh,1788872946,43bf8b6c6c,7,0,
launches/launch_full_a05g100.sh,scout-gae-scripts,launches/launch_full_a05g100.sh,/root/workspace/baojiachun/scout-gae/scripts/launches/launch_full_a05g100.sh,1788872946,c7c6c15517,7,0,
launches/launch_full_a08.sh,scout-gae-scripts,launches/launch_full_a08.sh,/root/workspace/baojiachun/scout-gae/scripts/launches/launch_full_a08.sh,1788872946,2784483964,7,0,
launches/launch_full_a2k.sh,scout-gae-scripts,launches/launch_full_a2k.sh,/root/workspace/baojiachun/scout-gae/scripts/launches/launch_full_a2k.sh,1788872946,816d05f4e2,7,0,
launches/launch_full_a2kg100.sh,scout-gae-scripts,launches/launch_full_a2kg100.sh,/root/workspace/baojiachun/scout-gae/scripts/launches/launch_full_a2kg100.sh,1788872946,b9c9a8a579,7,0,
launches/launch_full_k5.sh,scout-gae-scripts,launches/launch_full_k5.sh,/root/workspace/baojiachun/scout-gae/scripts/launches/launch_full_k5.sh,1788872946,7c72992d6d,7,0,
launches/launch_full_k5t10.sh,scout-gae-scripts,launches/launch_full_k5t10.sh,/root/workspace/baojiachun/scout-gae/scripts/launches/launch_full_k5t10.sh,1788872946,758fded336,7,0,
launches/launch_full_n5.sh,scout-gae-scripts,launches/launch_full_n5.sh,/root/workspace/baojiachun/scout-gae/scripts/launches/launch_full_n5.sh,1788872946,38656e0edc,7,0,
launches/launch_full_n5t10.sh,scout-gae-scripts,launches/launch_full_n5t10.sh,/root/workspace/baojiachun/scout-gae/scripts/launches/launch_full_n5t10.sh,1788872946,0078cc3834,7,0,
launches/launch_full_na.sh,scout-gae-scripts,launches/launch_full_na.sh,/root/workspace/baojiachun/scout-gae/scripts/launches/launch_full_na.sh,1788872946,d4adf63fef,7,0,
launches/launch_full_nag80.sh,scout-gae-scripts,launches/launch_full_nag80.sh,/root/workspace/baojiachun/scout-gae/scripts/launches/launch_full_nag80.sh,1788872946,1f65676407,7,0,
launches/launch_full_off.sh,scout-gae-scripts,launches/launch_full_off.sh,/root/workspace/baojiachun/scout-gae/scripts/launches/launch_full_off.sh,1788872946,5b1c05a01c,7,0,
launches/launch_full_s3.sh,scout-gae-scripts,launches/launch_full_s3.sh,/root/workspace/baojiachun/scout-gae/scripts/launches/launch_full_s3.sh,1788872946,0c0ce90846,7,0,
launches/launch_full_s3g80.sh,scout-gae-scripts,launches/launch_full_s3g80.sh,/root/workspace/baojiachun/scout-gae/scripts/launches/launch_full_s3g80.sh,1788872946,b29a3d341b,7,0,
launches/launch_full_s3k5.sh,scout-gae-scripts,launches/launch_full_s3k5.sh,/root/workspace/baojiachun/scout-gae/scripts/launches/launch_full_s3k5.sh,1788872946,903528d98e,7,0,
launches/launch_full_s3t10.sh,scout-gae-scripts,launches/launch_full_s3t10.sh,/root/workspace/baojiachun/scout-gae/scripts/launches/launch_full_s3t10.sh,1788872946,22d2a9ba78,7,0,
launches/launch_full_s4.sh,scout-gae-scripts,launches/launch_full_s4.sh,/root/workspace/baojiachun/scout-gae/scripts/launches/launch_full_s4.sh,1788872946,7377c67f72,7,0,
launches/mini_sweep1.sh,scout-entropy,mini_sweep1.sh,/root/workspace/baojiachun/scout-entropy/soe_scripts/mini_sweep1.sh,1787822019,1fea186c83,1,0,
launches/mini_sweep2.sh,scout-entropy,mini_sweep2.sh,/root/workspace/baojiachun/scout-entropy/soe_scripts/mini_sweep2.sh,1787825103,944c8a04f3,1,0,
launches/orb23333_launch.sh,scout-orbit,orb23333_launch.sh,/root/workspace/baojiachun/scout-orbit/soe_scripts/orb23333_launch.sh,1788878132,ee2dafc6da,1,0,
launches/orb2333_launch.sh,scout-orbit,orb2333_launch.sh,/root/workspace/baojiachun/scout-orbit/soe_scripts/orb2333_launch.sh,1788878132,3bbb39b7b5,1,0,
launches/setup_experiment2.sh,scout-gae-scripts,launches/setup_experiment2.sh,/root/workspace/baojiachun/scout-gae/scripts/launches/setup_experiment2.sh,1788872946,1267470eed,8,0,
launches/setup_experiment2_v2.sh,scout-gae-scripts,launches/setup_experiment2_v2.sh,/root/workspace/baojiachun/scout-gae/scripts/launches/setup_experiment2_v2.sh,1788872946,de380c2136,8,0,
launches/setup_experiment3.sh,scout-gae-scripts,launches/setup_experiment3.sh,/root/workspace/baojiachun/scout-gae/scripts/launches/setup_experiment3.sh,1788872946,6d1be0922e,8,0,
launches/setup_s01.sh,scout-gae-scripts,launches/setup_s01.sh,/root/workspace/baojiachun/scout-gae/scripts/launches/setup_s01.sh,1788872946,9e3763ef3a,8,0,
launches/sq23333_launch.sh,scout-orbit,sq23333_launch.sh,/root/workspace/baojiachun/scout-orbit/soe_scripts/sq23333_launch.sh,1788957942,e17e7c72af,1,0,
launches/sq2333_launch.sh,scout-orbit,sq2333_launch.sh,/root/workspace/baojiachun/scout-orbit/soe_scripts/sq2333_launch.sh,1788957941,c26d6e27d6,1,0,
launches/sq233x_wait_launch.sh,scout-orbit,sq233x_wait_launch.sh,/root/workspace/baojiachun/scout-orbit/soe_scripts/sq233x_wait_launch.sh,1788957943,045ae3cbf2,1,0,
launches/stage_b.sh,scout-gae-scripts,launches/stage_b.sh,/root/workspace/baojiachun/scout-gae/scripts/launches/stage_b.sh,1788872946,b8dac24f09,7,0,
launches/stage_b2.sh,scout-gae-scripts,launches/stage_b2.sh,/root/workspace/baojiachun/scout-gae/scripts/launches/stage_b2.sh,1788872946,65153b9e42,7,0,
launches/stage_b_s234.sh,scout-gae-scripts,launches/stage_b_s234.sh,/root/workspace/baojiachun/scout-gae/scripts/launches/stage_b_s234.sh,1788872946,e0dbc04bb7,7,0,
launches/stage_b_s235.sh,scout-gae-scripts,launches/stage_b_s235.sh,/root/workspace/baojiachun/scout-gae/scripts/launches/stage_b_s235.sh,1788872946,fccc350829,7,0,
launches/stage_b_seeded.sh,scout-gae-scripts,launches/stage_b_seeded.sh,/root/workspace/baojiachun/scout-gae/scripts/launches/stage_b_seeded.sh,1788872946,eea6b979de,7,0,
launches/th9_4_round0_launch.sh,scout-gae-scripts,launches/th9_4_round0_launch.sh,/root/workspace/baojiachun/scout-gae/scripts/launches/th9_4_round0_launch.sh,1788872946,55e97c982d,1,0,
probe/aty_calib_probe.sh,scout-orbit,aty_calib_probe.sh,/root/workspace/baojiachun/scout-orbit/soe_scripts/aty_calib_probe.sh,1788444441,df5940ce47,1,0,
probe/aty_probe_10env.sh,scout-orbit,aty_probe_10env.sh,/root/workspace/baojiachun/scout-orbit/soe_scripts/aty_probe_10env.sh,1788438494,1922ed35f2,1,0,
probe/can824_gae_probe.sh,scout-gae-scripts,probe/can824_gae_probe.sh,/root/workspace/baojiachun/scout-gae/scripts/probe/can824_gae_probe.sh,1788891290,6eccace86e,1,0,
probe/can_dose_probe.py,scout-exploit,can_dose_probe.py,/root/workspace/baojiachun/scout-exploit/soe_scripts/can_dose_probe.py,1788080621,672ef52ae4,1,0,
probe/egl_map_probe.py,scout-hparam,egl_map_probe.py,/root/workspace/baojiachun/scout-hparam/soe_scripts/egl_map_probe.py,1788324624,6985100b8b,7,0,
probe/probe_basep10.sh,scout-entropy,probe_basep10.sh,/root/workspace/baojiachun/scout-entropy/soe_scripts/probe_basep10.sh,1787813888,d7ed7e4ec5,1,0,
probe/probe_bscale.py,scout-hparam,probe_bscale.py,/root/workspace/baojiachun/scout-hparam/soe_scripts/probe_bscale.py,1788324625,05e1942725,7,0,
probe/probe_ent.py,scout-hparam,probe_ent.py,/root/workspace/baojiachun/scout-hparam/soe_scripts/probe_ent.py,1788324625,8e6514f324,6,0,
probe/probe_overlap.py,scout-hparam,probe_overlap.py,/root/workspace/baojiachun/scout-hparam/soe_scripts/probe_overlap.py,1788324625,52b73ad76d,6,0,
probe/probe_shellA.sh,scout-entropy,probe_shellA.sh,/root/workspace/baojiachun/scout-entropy/soe_scripts/probe_shellA.sh,1787816028,a6cb4ae375,1,0,
probe/probe_shellA2.sh,scout-entropy,probe_shellA2.sh,/root/workspace/baojiachun/scout-entropy/soe_scripts/probe_shellA2.sh,1787818837,e8f8d36422,1,0,
probe/probe_shellA3.sh,scout-entropy,probe_shellA3.sh,/root/workspace/baojiachun/scout-entropy/soe_scripts/probe_shellA3.sh,1787820672,4598e0e857,1,0,
probe/probe_shellA4.sh,scout-entropy,probe_shellA4.sh,/root/workspace/baojiachun/scout-entropy/soe_scripts/probe_shellA4.sh,1787826885,270df440e2,1,0,
probe/probe_variance.py,scout-hparam,probe_variance.py,/root/workspace/baojiachun/scout-hparam/soe_scripts/probe_variance.py,1788324625,84b1ad1833,6,0,
probe/probe_variance2.py,scout-hparam,probe_variance2.py,/root/workspace/baojiachun/scout-hparam/soe_scripts/probe_variance2.py,1788324625,e5c9cce49e,6,0,
probe/sq91_gae_probe.sh,scout-gae-scripts,probe/sq91_gae_probe.sh,/root/workspace/baojiachun/scout-gae/scripts/probe/sq91_gae_probe.sh,1788937677,933de543ac,1,0,
rand/ideas/LESSONS.md,scout-old,rand_ideas/LESSONS.md,/root/workspace/baojiachun/scout-old/soe_scripts/rand_ideas/LESSONS.md,1788252237,f613e34959,2,0,
rand/ideas/NAMES.md,scout-gae-scripts,rand/ideas/NAMES.md,/root/workspace/baojiachun/scout-gae/scripts/rand/ideas/NAMES.md,1788872946,b9d717e52a,4,3,scout-old/rand_ideas/NAMES.md(15c101);scout-exploit/rand_ideas/NAMES.md(a32cae);scout-rand/rand_ideas/NAMES.md(15c101)
rand/ideas/geometry.md,scout-old,rand_ideas/geometry.md,/root/workspace/baojiachun/scout-old/soe_scripts/rand_ideas/geometry.md,1788252237,2ce81d34f9,2,0,
rand/ideas/soe_port.md,scout-old,rand_ideas/soe_port.md,/root/workspace/baojiachun/scout-old/soe_scripts/rand_ideas/soe_port.md,1788252237,94cd481c76,2,0,
rand/rand_RUNBOOK.md,scout-old,rand_RUNBOOK.md,/root/workspace/baojiachun/scout-old/soe_scripts/rand_RUNBOOK.md,1788252236,87738a4575,2,0,
rand/rand_full.sh,scout-old,rand_full.sh,/root/workspace/baojiachun/scout-old/soe_scripts/rand_full.sh,1788252236,021de9cee4,2,0,
rand/rand_pshell_chain.sh,scout-old,rand_pshell_chain.sh,/root/workspace/baojiachun/scout-old/soe_scripts/rand_pshell_chain.sh,1788252237,b68120ff1b,2,0,
rand/rand_screen.sh,scout-old,rand_screen.sh,/root/workspace/baojiachun/scout-old/soe_scripts/rand_screen.sh,1788252237,d762b7e6fb,2,0,
rand/rand_screen_sq.sh,scout-old,rand_screen_sq.sh,/root/workspace/baojiachun/scout-old/soe_scripts/rand_screen_sq.sh,1788252237,095dae6914,2,0,
rounds/aty_chain.sh,scout-gae-scripts,rounds/aty_chain.sh,/root/workspace/baojiachun/scout-gae/scripts/rounds/aty_chain.sh,1788872946,ae0365a184,2,0,
rounds/can_aty_launch.sh,scout-gae-scripts,rounds/can_aty_launch.sh,/root/workspace/baojiachun/scout-gae/scripts/rounds/can_aty_launch.sh,1788872946,b955bc2760,1,0,
rounds/chain233.sh,scout-gae-scripts,rounds/chain233.sh,/root/workspace/baojiachun/scout-gae/scripts/rounds/chain233.sh,1788872946,9dbea1088b,8,0,
rounds/chain_entropy.sh,scout-gae-scripts,rounds/chain_entropy.sh,/root/workspace/baojiachun/scout-gae/scripts/rounds/chain_entropy.sh,1788872946,18d4ac2031,7,0,
rounds/e3_resume.sh,scout,e3_resume.sh,/root/workspace/baojiachun/scout/soe_scripts/e3_resume.sh,1787117343,26e207688c,1,0,
rounds/orb233x_chain.sh,scout-orbit,orb233x_chain.sh,/root/workspace/baojiachun/scout-orbit/soe_scripts/orb233x_chain.sh,1788877554,cd1be49cc2,1,0,
rounds/orb_sq233x_chain.sh,scout-orbit,orb_sq233x_chain.sh,/root/workspace/baojiachun/scout-orbit/soe_scripts/orb_sq233x_chain.sh,1789004630,689232a976,1,0,
rounds/rerun_scout.sh,scout-gae-scripts,rounds/rerun_scout.sh,/root/workspace/baojiachun/scout-gae/scripts/rounds/rerun_scout.sh,1788872946,d95eb8cae2,8,0,
rounds/resume_chain.sh,scout-gae-scripts,rounds/resume_chain.sh,/root/workspace/baojiachun/scout-gae/scripts/rounds/resume_chain.sh,1788872946,473be99df3,8,0,
rounds/resume_chain_entropy.sh,scout-gae-scripts,rounds/resume_chain_entropy.sh,/root/workspace/baojiachun/scout-gae/scripts/rounds/resume_chain_entropy.sh,1788872946,15b2a1bcd2,7,0,
rounds/resume_watch.sh,scout-gae-scripts,rounds/resume_watch.sh,/root/workspace/baojiachun/scout-gae/scripts/rounds/resume_watch.sh,1788872946,54bd739c83,8,0,
rounds/round.sh,scout-gae-scripts,rounds/round.sh,/root/workspace/baojiachun/scout-gae/scripts/rounds/round.sh,1788872947,665f8f82f7,8,0,
rounds/round2.sh,scout,round2.sh,/root/workspace/baojiachun/scout/soe_scripts/round2.sh,1786962956,3267ad6e18,1,0,
rounds/round_aty.sh,scout-orbit,round_aty.sh,/root/workspace/baojiachun/scout-orbit/soe_scripts/round_aty.sh,1788439498,98b489cb5d,1,0,
rounds/round_e2.sh,scout-gae-scripts,rounds/round_e2.sh,/root/workspace/baojiachun/scout-gae/scripts/rounds/round_e2.sh,1788872947,5e434eed0d,8,0,
rounds/round_e2s01.sh,scout,round_e2s01.sh,/root/workspace/baojiachun/scout/soe_scripts/round_e2s01.sh,1787020607,b33ef7ca45,1,0,
rounds/round_e3.sh,scout-gae-scripts,rounds/round_e3.sh,/root/workspace/baojiachun/scout-gae/scripts/rounds/round_e3.sh,1788872947,b000ebca88,8,0,
rounds/round_e3s01.sh,scout-gae-scripts,rounds/round_e3s01.sh,/root/workspace/baojiachun/scout-gae/scripts/rounds/round_e3s01.sh,1788872947,3d955900af,8,0,
rounds/round_e4.sh,scout-gae-scripts,rounds/round_e4.sh,/root/workspace/baojiachun/scout-gae/scripts/rounds/round_e4.sh,1788872947,56f51bc404,8,0,
rounds/round_e5.sh,scout-gae-scripts,rounds/round_e5.sh,/root/workspace/baojiachun/scout-gae/scripts/rounds/round_e5.sh,1788872947,2b1742c992,8,0,
rounds/round_entropy.sh,scout-gae-scripts,rounds/round_entropy.sh,/root/workspace/baojiachun/scout-gae/scripts/rounds/round_entropy.sh,1788872947,476b35f59a,7,4,scout-hparam/round_entropy.sh(c7f543);scout-old/round_entropy.sh(c7f543);scout-orbit/round_entropy.sh(c7f543);scout-rand/round_entropy.sh(c7f543)
rounds/round_orbit.sh,scout-orbit,round_orbit.sh,/root/workspace/baojiachun/scout-orbit/soe_scripts/round_orbit.sh,1788404585,9cc263e5b7,2,1,scout-rand/round_orbit.sh(9568b5)
rounds/round_orbit_canpk.sh,scout-orbit,round_orbit_canpk.sh,/root/workspace/baojiachun/scout-orbit/soe_scripts/round_orbit_canpk.sh,1788877553,6e412ff080,1,0,
rounds/round_orbit_sqb256.sh,scout-orbit,round_orbit_sqb256.sh,/root/workspace/baojiachun/scout-orbit/soe_scripts/round_orbit_sqb256.sh,1788957940,3b7b8c383a,1,0,
rounds/round_orbit_th.sh,scout-orbit,round_orbit_th.sh,/root/workspace/baojiachun/scout-orbit/soe_scripts/round_orbit_th.sh,1788353124,816e3db89c,2,0,
rounds/run_rounds.sh,scout-gae-scripts,rounds/run_rounds.sh,/root/workspace/baojiachun/scout-gae/scripts/rounds/run_rounds.sh,1788872947,8f1ff5ccb9,8,0,
rounds/wait_dp_entropy.sh,scout-gae-scripts,rounds/wait_dp_entropy.sh,/root/workspace/baojiachun/scout-gae/scripts/rounds/wait_dp_entropy.sh,1788872947,a5e6af806a,7,0,
rounds/wait_launch_dp.sh,scout-hparam,wait_launch_dp.sh,/root/workspace/baojiachun/scout-hparam/soe_scripts/wait_launch_dp.sh,1788324626,ce0c995aeb,7,0,
sobaseline/launch_0829.sh,baojiachun-root,launch_0829.sh,/root/workspace/baojiachun/launch_0829.sh,1787942671,ad4c5e03d9,1,0,
sobaseline/launch_thsoe233.sh,scout-gae-scripts,sobaseline/launch_thsoe233.sh,/root/workspace/baojiachun/scout-gae/scripts/sobaseline/launch_thsoe233.sh,1788872947,5e1fc95f63,1,0,
sobaseline/make_core_soe_from_scout.py,scout-gae-scripts,sobaseline/make_core_soe_from_scout.py,/root/workspace/baojiachun/scout-gae/scripts/sobaseline/make_core_soe_from_scout.py,1788872947,28509638a2,1,0,
sobaseline/prep_toolhang_soe.sh,scout-gae-scripts,sobaseline/prep_toolhang_soe.sh,/root/workspace/baojiachun/scout-gae/scripts/sobaseline/prep_toolhang_soe.sh,1788872947,39177d23fd,1,0,
sobaseline/relaunch_soe_sq_0829.sh,baojiachun-root,relaunch_soe_sq_0829.sh,/root/workspace/baojiachun/relaunch_soe_sq_0829.sh,1787942658,efea5152c9,1,0,
sobaseline/stop_soe_sq_0829.sh,baojiachun-root,stop_soe_sq_0829.sh,/root/workspace/baojiachun/stop_soe_sq_0829.sh,1787942589,8731fd1301,1,0,
sobaseline/tool_hang_soe.json,scout-gae-scripts,sobaseline/tool_hang_soe.json,/root/workspace/baojiachun/scout-gae/scripts/sobaseline/tool_hang_soe.json,1788872947,035a9d5105,1,0,
square/fast_round_square.sh,scout-hparam,fast_round_local/fast_round_square.sh,/root/workspace/baojiachun/scout-hparam/soe_scripts/fast_round_local/fast_round_square.sh,1788324624,ca1ebcce4a,7,0,
square/sq_calib_probe.sh,scout-gae-scripts,square/sq_calib_probe.sh,/root/workspace/baojiachun/scout-gae/scripts/square/sq_calib_probe.sh,1788872947,70f9732991,7,0,
toolhang/aty_calib_probe.sh,scout-gae-scripts,toolhang/aty_calib_probe.sh,/root/workspace/baojiachun/scout-gae/scripts/toolhang/aty_calib_probe.sh,1788872947,df5940ce47,1,0,
toolhang/aty_probe_10env.sh,scout-gae-scripts,toolhang/aty_probe_10env.sh,/root/workspace/baojiachun/scout-gae/scripts/toolhang/aty_probe_10env.sh,1788872947,1922ed35f2,1,0,
toolhang/round_orbit_th.sh,scout-gae-scripts,toolhang/round_orbit_th.sh,/root/workspace/baojiachun/scout-gae/scripts/toolhang/round_orbit_th.sh,1788872947,816e3db89c,1,0,
toolhang/round_th94.sh,scout-gae-scripts,toolhang/round_th94.sh,/root/workspace/baojiachun/scout-gae/scripts/toolhang/round_th94.sh,1788872947,1cd43c7f67,1,0,
toolhang/round_th95.sh,scout-gae-scripts,toolhang/round_th95.sh,/root/workspace/baojiachun/scout-gae/scripts/toolhang/round_th95.sh,1788872947,480f4de428,1,0,
toolhang/th6_restart_launch.sh,scout-gae-scripts,toolhang/th6_restart_launch.sh,/root/workspace/baojiachun/scout-gae/scripts/toolhang/th6_restart_launch.sh,1788872947,9419e6c889,2,0,
toolhang/th94_chain.sh,scout-gae-scripts,toolhang/th94_chain.sh,/root/workspace/baojiachun/scout-gae/scripts/toolhang/th94_chain.sh,1788872947,3a2e9f66ff,1,0,
toolhang/th94_launch.sh,scout-gae-scripts,toolhang/th94_launch.sh,/root/workspace/baojiachun/scout-gae/scripts/toolhang/th94_launch.sh,1788872947,b2893e9fb4,1,0,
toolhang/th95_chain.sh,scout-gae-scripts,toolhang/th95_chain.sh,/root/workspace/baojiachun/scout-gae/scripts/toolhang/th95_chain.sh,1788872947,06526d5de4,1,0,
toolhang/th95_launch.sh,scout-gae-scripts,toolhang/th95_launch.sh,/root/workspace/baojiachun/scout-gae/scripts/toolhang/th95_launch.sh,1788872947,2348aef51a,1,0,
toolhang/th95_p5meas.sh,scout-gae-scripts,toolhang/th95_p5meas.sh,/root/workspace/baojiachun/scout-gae/scripts/toolhang/th95_p5meas.sh,1788872947,0973194da0,1,0,
toolhang/th95_p5meas_dp.sh,scout-gae-scripts,toolhang/th95_p5meas_dp.sh,/root/workspace/baojiachun/scout-gae/scripts/toolhang/th95_p5meas_dp.sh,1788872947,f0be278633,1,0,
toolhang/th95_s2333_launch.sh,scout-gae-scripts,toolhang/th95_s2333_launch.sh,/root/workspace/baojiachun/scout-gae/scripts/toolhang/th95_s2333_launch.sh,1788872947,4f42ab1d84,1,0,
toolhang/th9_4_round0_launch.sh,scout-orbit,th9_4_round0_launch.sh,/root/workspace/baojiachun/scout-orbit/soe_scripts/th9_4_round0_launch.sh,1788501599,55e97c982d,1,0,
toolhang/th_calib_probe.sh,scout-gae-scripts,toolhang/th_calib_probe.sh,/root/workspace/baojiachun/scout-gae/scripts/toolhang/th_calib_probe.sh,1788872947,ea2791c5db,3,0,
toolhang/th_chain.sh,scout-gae-scripts,toolhang/th_chain.sh,/root/workspace/baojiachun/scout-gae/scripts/toolhang/th_chain.sh,1788872947,75cbfa5599,3,1,scout-hparam/th_chain.sh(8d840e)
toolhang/th_p10_probe.sh,scout-gae-scripts,toolhang/th_p10_probe.sh,/root/workspace/baojiachun/scout-gae/scripts/toolhang/th_p10_probe.sh,1788872947,cbacfdee96,2,0,
viz/vis_final.sh,scout-gae-scripts,viz/vis_final.sh,/root/workspace/baojiachun/scout-gae/scripts/viz/vis_final.sh,1788872947,c52644d381,8,0,
viz/vis_final_render.sh,scout-gae-scripts,viz/vis_final_render.sh,/root/workspace/baojiachun/scout-gae/scripts/viz/vis_final_render.sh,1788872947,f3bc5b3415,8,0,
viz/vis_grid.py,scout-gae-scripts,viz/vis_grid.py,/root/workspace/baojiachun/scout-gae/scripts/viz/vis_grid.py,1788872947,3ca5c247ef,8,0,
viz/vis_th95_r5.sh,scout-gae-scripts,viz/vis_th95_r5.sh,/root/workspace/baojiachun/scout-gae/scripts/viz/vis_th95_r5.sh,1788872947,61ca9505f7,1,0,
viz/vis_validate.py,scout-gae-scripts,viz/vis_validate.py,/root/workspace/baojiachun/scout-gae/scripts/viz/vis_validate.py,1788872947,5b23dec5cd,8,1,scout/vis_validate.py(98a2a4)
viz/viz_mjitter.sh,scout-old,viz_mjitter.sh,/root/workspace/baojiachun/scout-old/soe_scripts/viz_mjitter.sh,1788252237,87be384c53,2,0,
